{"cameraMode":{"drawMode":0,"name":"Shaded","section":"Shading Mode"},"sceneLighting":false,"audioPlay":false,"sceneViewState":{"showFog":false,"showMaterialUpdate":false,"showSkybox":false,"showFlares":false,"showImageEffects":false,"showParticleSystems":false},"in2DMode":false,"pivot":{"x":-1.388854742050171,"y":2.4634671211242677,"z":3.532632827758789},"rotation":{"x":-0.006714854389429092,"y":0.9472823739051819,"z":0.019895898178219796,"w":0.3197120428085327},"size":1.2339744567871094,"orthographic":false}