{"cameraMode":{"drawMode":0,"name":"Shaded","section":"Shading Mode"},"sceneLighting":true,"audioPlay":false,"sceneViewState":{"showFog":false,"showMaterialUpdate":false,"showSkybox":false,"showFlares":false,"showImageEffects":false,"showParticleSystems":false},"in2DMode":false,"pivot":{"x":14.801493644714356,"y":2.2813503742218019,"z":-5.46822452545166},"rotation":{"x":0.028241410851478578,"y":-0.7160050868988037,"z":0.029013175517320634,"w":0.6969278454780579},"size":3.942448377609253,"orthographic":false}