{"cameraMode":{"drawMode":0,"name":"Shaded","section":"Shading Mode"},"sceneLighting":false,"audioPlay":false,"sceneViewState":{"showFog":false,"showMaterialUpdate":false,"showSkybox":false,"showFlares":false,"showImageEffects":false,"showParticleSystems":false},"in2DMode":false,"pivot":{"x":-1.6875,"y":4.614813804626465,"z":-6.389257431030273},"rotation":{"x":0.07370763272047043,"y":-0.6863498091697693,"z":0.07025130093097687,"w":0.720112144947052},"size":0.6928207278251648,"orthographic":true}