{"cameraMode":{"drawMode":0,"name":"Shaded","section":"Shading Mode"},"sceneLighting":false,"audioPlay":false,"sceneViewState":{"showFog":false,"showMaterialUpdate":false,"showSkybox":false,"showFlares":false,"showImageEffects":false,"showParticleSystems":false},"in2DMode":false,"pivot":{"x":0.49999988079071047,"y":1.5000001192092896,"z":-0.9460000991821289},"rotation":{"x":0.13603438436985017,"y":0.42811185121536257,"z":-0.06535971909761429,"w":0.891036331653595},"size":0.6407338380813599,"orthographic":true}