{"cameraMode":{"drawMode":0,"name":"Shaded","section":"Shading Mode"},"sceneLighting":true,"audioPlay":false,"sceneViewState":{"showFog":false,"showMaterialUpdate":false,"showSkybox":false,"showFlares":false,"showImageEffects":false,"showParticleSystems":false},"in2DMode":false,"pivot":{"x":0.600833535194397,"y":15.770150184631348,"z":0.19833707809448243},"rotation":{"x":0.008893032558262349,"y":-0.15299181640148164,"z":0.0013774132821708918,"w":0.9881877899169922},"size":2.8179023265838625,"orthographic":false}