{"cameraMode":{"drawMode":0,"name":"Shaded","section":"Shading Mode"},"sceneLighting":true,"audioPlay":false,"sceneViewState":{"showFog":false,"showMaterialUpdate":false,"showSkybox":false,"showFlares":false,"showImageEffects":false,"showParticleSystems":false},"in2DMode":false,"pivot":{"x":20.36688995361328,"y":26.837909698486329,"z":-24.25307846069336},"rotation":{"x":0.2353983372449875,"y":-0.3192996680736542,"z":0.08221085369586945,"w":0.914262592792511},"size":5.730277061462402,"orthographic":false}