{"cameraMode":{"drawMode":0,"name":"Shaded","section":"Shading Mode"},"sceneLighting":true,"audioPlay":false,"sceneViewState":{"showFog":false,"showMaterialUpdate":false,"showSkybox":false,"showFlares":false,"showImageEffects":false,"showParticleSystems":false},"in2DMode":false,"pivot":{"x":16.086990356445314,"y":3.05163836479187,"z":-29.324445724487306},"rotation":{"x":-0.16276799142360688,"y":0.007399909198284149,"z":0.001220783102326095,"w":0.9866358637809753},"size":3.0444750785827638,"orthographic":false}