{"cameraMode":{"drawMode":0,"name":"Shaded","section":"Shading Mode"},"sceneLighting":true,"audioPlay":false,"sceneViewState":{"showFog":false,"showMaterialUpdate":false,"showSkybox":false,"showFlares":false,"showImageEffects":false,"showParticleSystems":false},"in2DMode":false,"pivot":{"x":13.446464538574219,"y":15.616960525512696,"z":-24.739566802978517},"rotation":{"x":0.01849665865302086,"y":0.7281456589698792,"z":-0.019664760679006578,"w":0.6848903894424439},"size":5.544785976409912,"orthographic":false}