{"cameraMode":{"drawMode":0,"name":"Shaded","section":"Shading Mode"},"sceneLighting":false,"audioPlay":false,"sceneViewState":{"showFog":false,"showMaterialUpdate":false,"showSkybox":false,"showFlares":false,"showImageEffects":false,"showParticleSystems":false},"in2DMode":false,"pivot":{"x":-2.799133539199829,"y":1.1102626323699952,"z":4.977642059326172},"rotation":{"x":0.0009306655265390873,"y":0.9975293874740601,"z":-0.013467399403452874,"w":0.06893903762102127},"size":0.7561864256858826,"orthographic":false}