{"cameraMode":{"drawMode":0,"name":"Shaded","section":"Shading Mode"},"sceneLighting":false,"audioPlay":false,"sceneViewState":{"showFog":false,"showMaterialUpdate":false,"showSkybox":false,"showFlares":false,"showImageEffects":false,"showParticleSystems":false},"in2DMode":false,"pivot":{"x":-2.086162567138672e-7,"y":4.050000190734863,"z":1.1920928955078126e-7},"rotation":{"x":-0.19096755981445313,"y":0.5962579846382141,"z":-0.14876136183738709,"w":-0.7654269933700562},"size":0.8068593740463257,"orthographic":true}