{"cameraMode":{"drawMode":0,"name":"Shaded","section":"Shading Mode"},"sceneLighting":false,"audioPlay":false,"sceneViewState":{"showFog":false,"showMaterialUpdate":false,"showSkybox":false,"showFlares":false,"showImageEffects":false,"showParticleSystems":false},"in2DMode":false,"pivot":{"x":-1.6875,"y":4.614813804626465,"z":-6.389257431030273},"rotation":{"x":0.09163285046815872,"y":-0.7717334032058716,"z":0.11426891386508942,"w":0.6188531517982483},"size":0.6928207278251648,"orthographic":true}