{"cameraMode":{"drawMode":0,"name":"Shaded","section":"Shading Mode"},"sceneLighting":true,"audioPlay":false,"sceneViewState":{"showFog":false,"showMaterialUpdate":false,"showSkybox":false,"showFlares":false,"showImageEffects":false,"showParticleSystems":false},"in2DMode":false,"pivot":{"x":5.85756254196167,"y":8.36346435546875,"z":-6.275251388549805},"rotation":{"x":0.4414450526237488,"y":-0.216588094830513,"z":0.11070138961076737,"w":0.8636903762817383},"size":-0.7895199656486511,"orthographic":false}