{"cameraMode":{"drawMode":0,"name":"Shaded","section":"Shading Mode"},"sceneLighting":true,"audioPlay":false,"sceneViewState":{"showFog":false,"showMaterialUpdate":false,"showSkybox":false,"showFlares":false,"showImageEffects":false,"showParticleSystems":false},"in2DMode":false,"pivot":{"x":28.14539337158203,"y":7.345664024353027,"z":-11.29023551940918},"rotation":{"x":0.06969733536243439,"y":-0.14462710916996003,"z":0.01021313201636076,"w":0.9869758486747742},"size":7.664855003356934,"orthographic":false}