{"cameraMode":{"drawMode":0,"name":"Shaded","section":"Shading Mode"},"sceneLighting":true,"audioPlay":false,"sceneViewState":{"showFog":false,"showMaterialUpdate":false,"showSkybox":false,"showFlares":false,"showImageEffects":false,"showParticleSystems":false},"in2DMode":false,"pivot":{"x":19.25162124633789,"y":3.850797176361084,"z":-7.565069198608398},"rotation":{"x":0.24581629037857057,"y":-0.4873042106628418,"z":0.14515236020088197,"w":0.8252512812614441},"size":1.3703691959381104,"orthographic":true}