{"cameraMode":{"drawMode":0,"name":"Shaded","section":"Shading Mode"},"sceneLighting":true,"audioPlay":false,"sceneViewState":{"showFog":false,"showMaterialUpdate":false,"showSkybox":false,"showFlares":false,"showImageEffects":false,"showParticleSystems":false},"in2DMode":false,"pivot":{"x":13.362537384033204,"y":4.749311923980713,"z":-30.351062774658204},"rotation":{"x":0.03267457336187363,"y":-0.7314571738243103,"z":-0.03513685613870621,"w":-0.6801972389221191},"size":2.4366044998168947,"orthographic":false}